{
  "ying": {
    "min": 6.0,
    "max": 7.0,
    "avg": 6.773809523809524,
    "count": 210,
    "recent": [
      6.0,
      6.0,
      6.0,
      6.0,
      6.0,
      6.0,
      6.0,
      6.0,
      6.0,
      6.0,
      6.0,
      6.0,
      6.0,
      6.0,
      6.0,
      6.0,
      6.0,
      6.0,
      6.0,
      6.0,
      6.0,
      6.0,
      6.0,
      6.0,
      6.0,
      6.0,
      6.0,
      6.0,
      6.0,
      6.0,
      6.75,
      6.75,
      6.75,
      6.75,
      6.75,
      6.75,
      6.75,
      6.75,
      6.75,
      6.75,
      6.75,
      6.75,
      6.75,
      6.75,
      6.75,
      6.75,
      6.75,
      6.75,
      6.75,
      6.75,
      6.75,
      6.75,
      6.75,
      6.75,
      6.75,
      6.75,
      6.75,
      6.75,
      6.75,
      6.75,
      6.75,
      6.75,
      6.75,
      6.75,
      6.75,
      6.75,
      6.75,
      6.75,
      6.75,
      6.75,
      6.75,
      6.75,
      6.75,
      6.75,
      6.75,
      6.75,
      6.75,
      6.75,
      6.75,
      6.75,
      6.75,
      6.75,
      6.75,
      6.75,
      6.75,
      6.75,
      6.75,
      6.75,
      6.75,
      6.75,
      6.75,
      6.75,
      6.75,
      6.75,
      6.75,
      6.75,
      6.75,
      6.75,
      6.75,
      6.75
    ],
    "last_seen": 1762232590.448176
  }
}