{
  "ying": {
    "min": 6.0,
    "max": 7.0,
    "avg": 6.717948717948718,
    "count": 390,
    "recent": [
      6.75,
      6.75,
      6.75,
      6.75,
      6.75,
      6.75,
      6.75,
      6.75,
      6.75,
      6.75,
      6.75,
      6.75,
      6.75,
      6.75,
      6.75,
      6.75,
      6.75,
      6.75,
      6.75,
      6.75,
      6.75,
      6.75,
      6.75,
      6.75,
      6.75,
      6.75,
      6.75,
      6.75,
      6.75,
      6.75,
      6.5,
      6.5,
      6.5,
      6.5,
      6.5,
      6.5,
      6.5,
      6.5,
      6.5,
      6.5,
      6.5,
      6.5,
      6.5,
      6.5,
      6.5,
      6.5,
      6.5,
      6.5,
      6.5,
      6.5,
      6.5,
      6.5,
      6.5,
      6.5,
      6.5,
      6.5,
      6.5,
      6.5,
      6.5,
      6.5,
      6.5,
      6.5,
      6.5,
      6.5,
      6.5,
      6.5,
      6.5,
      6.5,
      6.5,
      6.5,
      6.5,
      6.5,
      6.5,
      6.5,
      6.5,
      6.5,
      6.5,
      6.5,
      6.5,
      6.5,
      6.5,
      6.5,
      6.5,
      6.5,
      6.5,
      6.5,
      6.5,
      6.5,
      6.5,
      6.5,
      6.5,
      6.5,
      6.5,
      6.5,
      6.5,
      6.5,
      6.5,
      6.5,
      6.5,
      6.5
    ],
    "last_seen": 1762232908.1326635
  }
}