{
  "ying": {
    "min": 6.0,
    "max": 7.0,
    "avg": 6.539170506912437,
    "count": 2170,
    "recent": [
      6.5,
      6.5,
      6.5,
      6.5,
      6.5,
      6.5,
      6.5,
      6.5,
      6.5,
      6.5,
      6.5,
      6.5,
      6.5,
      6.5,
      6.5,
      6.5,
      6.5,
      6.5,
      6.5,
      6.5,
      6.5,
      6.5,
      6.5,
      6.5,
      6.5,
      6.5,
      6.5,
      6.5,
      6.5,
      6.5,
      6.5,
      6.5,
      6.5,
      6.5,
      6.5,
      6.5,
      6.5,
      6.5,
      6.5,
      6.5,
      6.5,
      6.5,
      6.5,
      6.5,
      6.5,
      6.5,
      6.5,
      6.5,
      6.5,
      6.5,
      6.5,
      6.5,
      6.5,
      6.5,
      6.5,
      6.5,
      6.5,
      6.5,
      6.5,
      6.5,
      6.5,
      6.5,
      6.5,
      6.5,
      6.5,
      6.5,
      6.5,
      6.5,
      6.5,
      6.5,
      6.5,
      6.5,
      6.5,
      6.5,
      6.5,
      6.5,
      6.5,
      6.5,
      6.5,
      6.5,
      6.5,
      6.5,
      6.5,
      6.5,
      6.5,
      6.5,
      6.5,
      6.5,
      6.5,
      6.5,
      6.5,
      6.5,
      6.5,
      6.5,
      6.5,
      6.5,
      6.5,
      6.5,
      6.5,
      6.5
    ],
    "last_seen": 1762235165.7441647
  },
  "yang": {
    "min": 5.5,
    "max": 6.5,
    "avg": 6.2185185185185174,
    "count": 270,
    "recent": [
      6.25,
      6.25,
      6.25,
      6.25,
      6.25,
      6.25,
      6.25,
      6.25,
      6.25,
      6.25,
      6.25,
      6.25,
      6.25,
      6.25,
      6.25,
      6.25,
      6.25,
      6.25,
      6.25,
      6.25,
      6.25,
      6.25,
      6.25,
      6.25,
      6.25,
      6.25,
      6.25,
      6.25,
      6.25,
      6.25,
      6.25,
      6.25,
      6.25,
      6.25,
      6.25,
      6.25,
      6.25,
      6.25,
      6.25,
      6.25,
      6.25,
      6.25,
      6.25,
      6.25,
      6.25,
      6.25,
      6.25,
      6.25,
      6.25,
      6.25,
      6.25,
      6.25,
      6.25,
      6.25,
      6.25,
      6.25,
      6.25,
      6.25,
      6.25,
      6.25,
      6.25,
      6.25,
      6.25,
      6.25,
      6.25,
      6.25,
      6.25,
      6.25,
      6.25,
      6.25,
      5.75,
      5.75,
      5.75,
      5.75,
      5.75,
      5.75,
      5.75,
      5.75,
      5.75,
      5.75,
      5.75,
      5.75,
      5.75,
      5.75,
      5.75,
      5.75,
      5.75,
      5.75,
      5.75,
      5.75,
      5.75,
      5.75,
      5.75,
      5.75,
      5.75,
      5.75,
      5.75,
      5.75,
      5.75,
      5.75
    ],
    "first_seen": 1762235470.5058382,
    "last_seen": 1762236805.9848745
  }
}